{
    "MR": [
        0.05506614521145821,
        0.0550075888633728,
        0.053338323533535,
        0.05115835964679718,
        0.04833822697401047,
        0.04954116865992546,
        0.048156813532114026,
        0.045628896355628966,
        0.04689986482262611,
        0.04759419411420822,
        0.04823318272829056,
        0.04972825571894646,
        0.049027130007743835,
        0.05203089714050293,
        0.050094767659902575,
        0.03894413039088249,
        0.03749494776129723,
        0.034722902625799176,
        0.03311612494289875,
        0.034511831030249594,
        0.035155735164880755,
        0.03621051199734211
    ],
    "CR": [
        0.04725989624857903,
        0.0475614570081234,
        0.04691279903054237,
        0.046460242569446565,
        0.04572359398007393,
        0.046219485253095625,
        0.04578811377286911,
        0.04607459530234337,
        0.04658424258232117,
        0.04668484926223755,
        0.0475028932094574,
        0.04894595816731453,
        0.04786804094910622,
        0.048817136138677594,
        0.04857254773378372,
        0.0428327314555645,
        0.04199963882565498,
        0.04076228141784668,
        0.04053536355495453,
        0.041918569803237916,
        0.04218811020255089,
        0.04278748109936714
    ],
    "SUBJ": [
        0.04322923421859741,
        0.04498197138309479,
        0.046088892966508865,
        0.04284410998225212,
        0.04193531796336174,
        0.042369256168603896,
        0.04440085589885712,
        0.043694624304771425,
        0.04448737502098084,
        0.045160087198019026,
        0.044668037444353104,
        0.04631761312484741,
        0.043436430394649506,
        0.044100585579872134,
        0.04818203076720238,
        0.04845123440027237,
        0.04591352120041847,
        0.04463855102658272,
        0.04816718399524689,
        0.048442043364048004,
        0.04618176072835922,
        0.052309302240610124
    ],
    "MPQA": [
        0.0532155841588974,
        0.053774728626012805,
        0.05300517231225967,
        0.052596889436244965,
        0.05373981222510338,
        0.05355919674038887,
        0.05118927508592606,
        0.04927521124482155,
        0.048898440599441526,
        0.04792531356215477,
        0.04801077321171761,
        0.047696441411972046,
        0.04719002991914749,
        0.04812399372458458,
        0.046753333508968355,
        0.033960241824388504,
        0.03507918007671833,
        0.034850948676466945,
        0.034505470842123034,
        0.034979887306690216,
        0.035657621920108795,
        0.036012448370456696
    ],
    "SST2": [
        0.09672604948282242,
        0.17288681045174598,
        0.07782148644328117,
        0.05034506693482399,
        0.04281023293733597,
        0.056412764638662335,
        0.042737514898180964,
        0.03591878786683082,
        0.03755436204373837,
        0.03803825341165066,
        0.04449879676103592,
        0.04542499482631683,
        0.04315961450338364,
        0.062070675939321515,
        0.04687085375189781,
        0.013389683980494737,
        0.014791078865528107,
        0.014674188662320375,
        0.014195801224559546,
        0.015475689992308616,
        0.016349651385098696,
        0.01784765310585499
    ],
    "TREC": [
        0.0474725678563118,
        0.04772021621465683,
        0.04764657914638519,
        0.047457360476255414,
        0.04784829169511795,
        0.047862356156110765,
        0.04806794971227646,
        0.04821701049804687,
        0.04802627116441727,
        0.04820862412452698,
        0.048631399124860766,
        0.04977119117975235,
        0.05027759298682213,
        0.05055731162428856,
        0.05156399831175804,
        0.037156828492879865,
        0.03759408444166183,
        0.0380180761218071,
        0.03795527815818787,
        0.03896569833159447,
        0.04027680531144142,
        0.040704526007175446
    ],
    "MRPC": [
        0.049077510833740234,
        0.048923056572675705,
        0.04882193505764008,
        0.048601395636796954,
        0.048527258634567264,
        0.04888089448213577,
        0.048035460710525515,
        0.04742771834135055,
        0.04715991839766502,
        0.047108615189790724,
        0.04755580276250839,
        0.04653182402253151,
        0.045202480256557466,
        0.04469760283827782,
        0.04612065628170967,
        0.042982399463653564,
        0.04167690202593803,
        0.041174791753292084,
        0.04049006327986717,
        0.04070595726370811,
        0.03988483995199203,
        0.04041288569569588
    ],
    "NLI": [
        0.12069174200296402,
        0.0935975044965744,
        0.0668149970471859,
        0.059668464958667754,
        0.05367575213313103,
        0.05290913358330727,
        0.04455231018364429,
        0.038983382284641266,
        0.03574187625199556,
        0.037800272554159166,
        0.04114314056932926,
        0.03819437436759472,
        0.036361587792634965,
        0.036924096569418904,
        0.05030918195843696,
        0.03763753250241279,
        0.03086830973625183,
        0.026251014322042465,
        0.02390804160386324,
        0.024816997349262238,
        0.024737340211868287,
        0.024412941373884677
    ],
    "AVG_ALL": [
        0.06409234125167132,
        0.07055666670203209,
        0.055056273192167285,
        0.049891486205160616,
        0.04782481081783772,
        0.049719281960278756,
        0.04661603672429919,
        0.044402528274804356,
        0.04441904386039823,
        0.04481502617709339,
        0.04628050322644412,
        0.04657633160240949,
        0.045315363351255654,
        0.04841528744436801,
        0.048558421246707444,
        0.03691934781381861,
        0.0356772078666836,
        0.034386594325769695,
        0.03410916595021263,
        0.03497708430513739,
        0.035053983109537515,
        0.03633721873629838
    ],
    "AVG_SENTEVAL": [
        0.056006712572915215,
        0.0672651184456689,
        0.0533764554985932,
        0.0484947749546596,
        0.0469889620585101,
        0.04926358887127468,
        0.046910854801535604,
        0.0451766919876848,
        0.04565863923302719,
        0.04581713383751256,
        0.04701441217746053,
        0.047773754064525886,
        0.046594474145344324,
        0.050056886140789306,
        0.048308312573603227,
        0.036816750001162295,
        0.03636419331388814,
        0.03554882004058787,
        0.03556646942826254,
        0.03642852529883384,
        0.03652778923777598,
        0.038040686930928914
    ]
}