{
    "MR": [
        0.17507262229919435,
        0.16073985099792482,
        0.16431374549865724,
        0.18415503799915314,
        0.20318501591682434,
        0.24446988105773926,
        0.25977946221828463,
        0.2766954094171524,
        0.25625872910022734,
        0.26253612637519835,
        0.24722114205360413,
        0.26926604509353635
    ],
    "CR": [
        0.17451924979686737,
        0.18703830242156982,
        0.19561076760292054,
        0.2050899237394333,
        0.21615532040596008,
        0.22424314320087432,
        0.23887210190296174,
        0.2353805422782898,
        0.22496218979358673,
        0.2152432382106781,
        0.20714499056339264,
        0.2152771532535553
    ],
    "SUBJ": [
        0.24361472427845002,
        0.2292974442243576,
        0.24380964338779448,
        0.2422049194574356,
        0.2578399181365967,
        0.2652372419834137,
        0.26825161278247833,
        0.2511865943670273,
        0.24274393320083618,
        0.2416609615087509,
        0.24854739308357238,
        0.280772390961647
    ],
    "MPQA": [
        0.29744580388069153,
        0.2952000081539154,
        0.2616158723831177,
        0.24875214993953704,
        0.29621662497520446,
        0.3021293759346008,
        0.30012032985687254,
        0.279536509513855,
        0.26250648498535156,
        0.24726506769657136,
        0.2444046765565872,
        0.3361213982105255
    ],
    "SST2": [
        0.3359523922204971,
        0.22198961675167084,
        0.13654138892889023,
        0.22002662420272828,
        0.34233092665672304,
        0.32050626873970034,
        0.3302558183670044,
        0.2774021625518799,
        0.2666941821575165,
        0.2081869661808014,
        0.07798884026706218,
        0.5008764564990997
    ],
    "TREC": [
        0.3083169162273407,
        0.31387075781822205,
        0.3071063280105591,
        0.3136326611042023,
        0.3178333580493927,
        0.3119788348674774,
        0.3132116973400116,
        0.31548585295677184,
        0.3225021958351135,
        0.34106037616729734,
        0.34269933104515077,
        0.38160529136657717
    ],
    "MRPC": [
        0.12454530596733093,
        0.19013120532035827,
        0.22431880831718445,
        0.25068662464618685,
        0.242890864610672,
        0.22276255190372468,
        0.20353228449821473,
        0.2021783858537674,
        0.22855303585529327,
        0.20121381878852845,
        0.1718849718570709,
        0.25707964301109315
    ],
    "NLI": [
        -0.26294519007205963,
        -0.181033718585968,
        -0.10768616050481797,
        -0.2221853256225586,
        0.1190657839179039,
        0.08230774998664855,
        0.976520299911499,
        1.1155269861221313,
        0.6201920509338379,
        0.15238330140709877,
        -0.15148942172527313,
        0.27449987530708314
    ],
    "AVG_ALL": [
        0.17456522807478903,
        0.17715418338775635,
        0.17820379920303822,
        0.18029532693326475,
        0.24943972658365965,
        0.24670438095927238,
        0.3613179508596659,
        0.3691740553826094,
        0.3030516002327204,
        0.23369373204186558,
        0.1735502404626459,
        0.3144372817128897
    ],
    "AVG_SENTEVAL": [
        0.2370667163814817,
        0.22832388366971698,
        0.21904522201844626,
        0.23779256301266807,
        0.26806457553591045,
        0.2701896139553615,
        0.2734319009951183,
        0.26255220813410624,
        0.2577458215611322,
        0.24530950784683228,
        0.2199844779180629,
        0.32014262548514777
    ]
}