{
    "MR": [
        0.20911748707294464,
        0.15882428288459777,
        0.1576572149991989,
        0.1874796837568283,
        0.2297421395778656,
        0.2957830309867859,
        0.3086563587188721,
        0.32612756490707395,
        0.293089896440506,
        0.30591188073158265,
        0.28058865666389465,
        0.32568076252937317
    ],
    "CR": [
        0.19703111052513123,
        0.19741389155387878,
        0.20057871639728547,
        0.2056725263595581,
        0.21294465959072112,
        0.21892553567886353,
        0.2231854408979416,
        0.22068698108196258,
        0.21521925330162048,
        0.21008264124393464,
        0.20409347712993622,
        0.2108076959848404
    ],
    "SUBJ": [
        0.292768269777298,
        0.26179624199867246,
        0.29099988341331484,
        0.29556354582309724,
        0.3178862988948822,
        0.32594588994979856,
        0.3318919062614441,
        0.30966633558273315,
        0.29568246006965637,
        0.28957924246788025,
        0.3005962550640106,
        0.33637391328811644
    ],
    "MPQA": [
        0.31094988584518435,
        0.301757150888443,
        0.27280988693237307,
        0.26291590332984927,
        0.292777955532074,
        0.2956491053104401,
        0.2918273687362671,
        0.2831529438495636,
        0.27271756529808044,
        0.267027747631073,
        0.26267494559288024,
        0.2956298470497131
    ],
    "SST2": [
        0.34691173434257505,
        0.208383184671402,
        0.1106574147939682,
        0.19297826588153838,
        0.3396207094192505,
        0.3615887463092804,
        0.3144744634628296,
        0.2776130586862564,
        0.29568505883216856,
        0.30130006074905397,
        0.20693955346941947,
        0.4354862153530121
    ],
    "TREC": [
        0.3666248440742493,
        0.35939348936080934,
        0.34684584140777586,
        0.35083712339401246,
        0.35250664949417115,
        0.34570603966712954,
        0.34834117293357847,
        0.35381059646606444,
        0.3657848834991455,
        0.39678614139556884,
        0.39888755083084104,
        0.4144741117954254
    ],
    "MRPC": [
        0.1842382162809372,
        0.2277104675769806,
        0.24047017693519593,
        0.2593472212553024,
        0.25775046050548556,
        0.26213896870613096,
        0.25465046763420107,
        0.2251430034637451,
        0.20676187574863433,
        0.1810879498720169,
        0.15841710865497588,
        0.22269702851772308
    ],
    "NLI": [
        -0.28192466497421265,
        -0.12300976216793061,
        -0.030673564411699772,
        -0.2219674915075302,
        0.01463075466454029,
        -0.014995227614417673,
        1.3022559404373169,
        1.304889988899231,
        0.568993330001831,
        0.12949218302965165,
        -0.1892981618642807,
        0.1178237959742546
    ],
    "AVG_ALL": [
        0.2032146103680134,
        0.19903361834585664,
        0.19866819630842658,
        0.191603347286582,
        0.2522324534598738,
        0.2613427611242514,
        0.4219103898853064,
        0.4126363091170788,
        0.31424179039895533,
        0.26015848089009525,
        0.20286242319270967,
        0.2948716713115573
    ],
    "AVG_SENTEVAL": [
        0.2725202211311885,
        0.245039815562112,
        0.23143130498273035,
        0.25068489568574087,
        0.2861755532877786,
        0.30081961665834706,
        0.29614673980644773,
        0.2851714977196285,
        0.27784871331283023,
        0.2788250948701586,
        0.25888536391513683,
        0.32016422493117197
    ]
}