{
    "MR": [
        0.019410932157188653,
        -0.02047066166996956,
        0.0389530261978507,
        0.24794103801250458,
        0.3850106716156006,
        0.33014423251152036,
        0.3398223161697388,
        0.45004366636276244,
        0.2377069890499115,
        0.019588643312454225,
        -0.21753907203674316,
        0.6931929230690003
    ],
    "CR": [
        0.055413269251585004,
        0.0559757187962532,
        0.05618068128824234,
        0.060731951147317886,
        0.3307863712310791,
        0.32374619245529174,
        0.3755439817905426,
        0.36910325288772583,
        0.17126924991607667,
        0.06399843543767929,
        0.056126398593187334,
        0.4710982084274292
    ],
    "SUBJ": [
        -0.04514557719230652,
        -0.003213956393301487,
        0.19387438148260117,
        0.3450168013572693,
        0.5021172344684601,
        0.4053904712200165,
        0.38166563510894774,
        0.4113255262374878,
        0.25751160383224486,
        0.10845824480056762,
        -0.09721337957307696,
        0.815773344039917
    ],
    "MPQA": [
        0.08596872985363006,
        0.08777203112840652,
        0.18787095546722413,
        0.15225462913513182,
        0.4422582030296326,
        0.1171218290925026,
        0.08776243031024933,
        0.16745019257068633,
        0.026937823742628098,
        0.07539790570735931,
        0.10559109300374984,
        0.7557877540588379
    ],
    "SST2": [
        -0.025731207430362703,
        -0.15856762370094657,
        0.327000892162323,
        0.7943300604820251,
        0.5914026319980621,
        0.06527928709983825,
        0.2524542033672333,
        0.24612618684768678,
        -0.029809877276420593,
        -0.02079971507191658,
        -0.1278610873967409,
        0.7850164771080017
    ],
    "TREC": [
        0.1508387178182602,
        0.14872425198554992,
        0.3333237051963806,
        0.5218260407447814,
        0.5903662145137787,
        0.12549429535865783,
        0.12998826056718826,
        0.2175764411687851,
        0.15627169311046601,
        0.13710243105888367,
        0.7516748309135437,
        0.9529574275016784
    ],
    "MRPC": [
        0.04946827068924904,
        0.04780659377574921,
        0.05686001107096672,
        0.10989484339952468,
        0.28145860731601713,
        0.24079520404338836,
        0.2562300324440002,
        0.19852806329727174,
        0.08906812071800232,
        0.07499291896820068,
        0.08139342069625854,
        0.32411782145500184
    ],
    "NLI": [
        -0.18824090361595153,
        -0.16164578199386598,
        -0.2372734785079956,
        0.09289493858814239,
        0.4768951594829559,
        0.245525786280632,
        0.7426906943321228,
        0.9084486246109009,
        -0.31532175838947296,
        -0.018532385211437942,
        -0.027504951879382133,
        1.168943667411804
    ],
    "AVG_ALL": [
        0.012747778941411526,
        -0.00045242850901559134,
        0.11959877179469912,
        0.2906112878583372,
        0.4500368867069483,
        0.23168716225773092,
        0.3207696942612529,
        0.3710752442479134,
        0.07420423058792948,
        0.05502580987522379,
        0.06558340654009953,
        0.7458609528839588
    ],
    "AVG_SENTEVAL": [
        0.041460447878177674,
        0.022575193417391608,
        0.17058052183794123,
        0.3188564806112221,
        0.44619999059609006,
        0.22971021596874505,
        0.26049526567970005,
        0.2943076184817723,
        0.1298508004418441,
        0.06553412345903262,
        0.07888174345716835,
        0.6854205650942665
    ]
}