{
    "MR": [
        0.052288271486759186,
        0.051579073816537854,
        0.05202971696853638,
        0.051862260699272154,
        0.05105347335338593,
        0.05114302411675453,
        0.05046411901712418,
        0.05034643486142158,
        0.050347065180540086,
        0.05038836821913719,
        0.051219331473112105,
        0.04403200373053551,
        0.04304695650935173,
        0.04422863945364952,
        0.046050044149160384,
        0.03659313432872295,
        0.03686126992106438,
        0.036709926649928094,
        0.0368181049823761,
        0.03714156411588192,
        0.0375531867146492,
        0.03824402429163456
    ],
    "CR": [
        0.04844444096088409,
        0.04850064143538475,
        0.04840790629386902,
        0.04798520356416702,
        0.047670642286539076,
        0.04794394224882126,
        0.04760737866163254,
        0.04769905433058739,
        0.04788365066051483,
        0.048471643775701526,
        0.048887874186038974,
        0.04503593221306801,
        0.04443587213754654,
        0.04604469314217567,
        0.047270942479372025,
        0.04030788838863373,
        0.040571893006563185,
        0.04055836647748947,
        0.04075838029384613,
        0.041430522501468656,
        0.04174797236919403,
        0.04233515933156014
    ],
    "SUBJ": [
        0.04930538684129715,
        0.04974546805024147,
        0.050091680884361264,
        0.04905404970049858,
        0.04924680963158608,
        0.04987251162528992,
        0.048653127253055574,
        0.04759027734398842,
        0.04719909653067589,
        0.047186028212308884,
        0.04689663127064705,
        0.04043612480163574,
        0.04024470373988152,
        0.041033800691366196,
        0.042724378407001495,
        0.039115003496408465,
        0.04040907099843025,
        0.04123273864388466,
        0.042487020045518874,
        0.045135460793972015,
        0.04567258432507515,
        0.04666803106665611
    ],
    "MPQA": [
        0.05620395094156265,
        0.056188258528709414,
        0.05635217428207397,
        0.055913864821195605,
        0.055998072028160095,
        0.05603667199611664,
        0.05540261045098305,
        0.05540432706475258,
        0.05562456250190735,
        0.05494677796959877,
        0.053118535131216046,
        0.03997683003544807,
        0.04036328829824924,
        0.040509456768631935,
        0.04002427607774735,
        0.03200818747282028,
        0.03241802342236042,
        0.03236514590680599,
        0.032480502501130104,
        0.03300898671150208,
        0.0327804584056139,
        0.03287501074373722
    ],
    "SST2": [
        0.25622018724679946,
        0.1447545513510704,
        0.08464899063110351,
        0.048667893186211585,
        0.03955966327339411,
        0.045986921340227124,
        0.03373138271272182,
        0.03441837467253208,
        0.046766702085733414,
        0.04502588622272015,
        0.053302010893821715,
        0.017818708205595613,
        0.01787284160964191,
        0.020686373766511678,
        0.020515848696231843,
        0.012317994586192071,
        0.012420368671882898,
        0.012495090812444687,
        0.01272905662190169,
        0.01305257179774344,
        0.013243354321457446,
        0.013765240041539072
    ],
    "TREC": [
        0.04741454198956489,
        0.047500836104154585,
        0.04756196141242981,
        0.04756986498832703,
        0.04766386523842812,
        0.04775204807519913,
        0.04788804724812508,
        0.048126828670501706,
        0.04821148067712784,
        0.048397128283977506,
        0.04887442886829376,
        0.04657466039061546,
        0.04693852961063385,
        0.04776303693652153,
        0.04892190173268318,
        0.03858717530965805,
        0.03926095962524414,
        0.04005085155367851,
        0.040326987951993944,
        0.041157791018486024,
        0.04164689108729362,
        0.04181020110845566
    ],
    "MRPC": [
        0.04899533167481422,
        0.04903783574700356,
        0.04893037900328636,
        0.04877426624298096,
        0.04857702627778053,
        0.04858114644885063,
        0.04813827276229858,
        0.04774075672030449,
        0.04744742438197136,
        0.04753844439983368,
        0.048178447782993315,
        0.04523792266845703,
        0.04433966279029846,
        0.04544994831085205,
        0.046055474877357484,
        0.041582395881414415,
        0.04164658561348915,
        0.04107806086540222,
        0.04052703753113747,
        0.040442997217178346,
        0.04063833877444267,
        0.041062263399362565
    ],
    "NLI": [
        0.21367693692445755,
        0.10412338227033616,
        0.07225646674633027,
        0.06033186689019203,
        0.04983986020088196,
        0.050257899612188336,
        0.04046819321811199,
        0.03581962138414383,
        0.03551491592079401,
        0.04442289955914021,
        0.06290135234594345,
        0.019000443071126936,
        0.021136043779551982,
        0.031100035458803178,
        0.05051195695996284,
        0.01619660258293152,
        0.017066280543804168,
        0.01580815892666578,
        0.014720624685287476,
        0.014843065105378628,
        0.014146522805094718,
        0.015856896154582502
    ],
    "AVG_ALL": [
        0.09656863100826739,
        0.06892875591292977,
        0.057534909527748826,
        0.05126990876160562,
        0.048701176536269486,
        0.04969677068293095,
        0.046544141415506605,
        0.04589320938102901,
        0.0473743622424081,
        0.048297147080302236,
        0.0516723264940083,
        0.0372640781395603,
        0.0372972373093944,
        0.03960199806606397,
        0.042759352922439584,
        0.032088547755847685,
        0.03258180647535482,
        0.032537292479537426,
        0.03260596432664897,
        0.03327661990770139,
        0.03342866360035259,
        0.034077103267190975
    ],
    "AVG_SENTEVAL": [
        0.07983887302024022,
        0.063900952147586,
        0.05543182992509433,
        0.0499753433146647,
        0.04853850744132485,
        0.04961660940732275,
        0.0474121340151344,
        0.047332293380584034,
        0.04906856885978154,
        0.04885061101189681,
        0.05006817994373185,
        0.03987316886362221,
        0.039605979242229035,
        0.04081656415281552,
        0.04165183805993626,
        0.03435882563769285,
        0.03479831017986206,
        0.034927168701376236,
        0.035161012846843476,
        0.03590998487946178,
        0.03618325514253229,
        0.03667998999756361
    ]
}