{
    "MR": [
        0.044716914743185045,
        0.04403018727898598,
        0.04327817037701607,
        0.04307249635457992,
        0.04205521196126938,
        0.10754691064357758,
        0.1292297884821892,
        0.1370021030306816,
        0.09127174019813537,
        0.11721320003271103,
        0.09343674480915069,
        0.10714651495218278
    ],
    "CR": [
        0.06283982321619988,
        0.06253935843706131,
        0.062120982259511945,
        0.061742333322763444,
        0.061185748875141145,
        0.13162810802459718,
        0.14477952420711518,
        0.14209798276424407,
        0.07141032218933105,
        0.071591217815876,
        0.06103670373558998,
        0.06702788472175598
    ],
    "SUBJ": [
        0.06340711936354637,
        0.06301789656281472,
        0.06289969235658646,
        0.062125129997730254,
        0.10949784517288208,
        0.12714337855577468,
        0.12700214385986328,
        0.11702897995710373,
        0.061352748423814774,
        0.0713237926363945,
        0.0666930466890335,
        0.06850818544626236
    ],
    "MPQA": [
        0.05053587406873703,
        0.05178539529442787,
        0.053571174293756484,
        0.06716148555278778,
        0.0854788914322853,
        0.12888011932373047,
        0.1302019327878952,
        0.08474433869123459,
        0.07842499762773514,
        0.061179760843515396,
        0.04776263386011124,
        0.16027342081069945
    ],
    "SST2": [
        0.03347823247313499,
        0.032813987135887145,
        0.03304800987243652,
        0.044673816114664075,
        0.058059151470661166,
        0.13052778244018554,
        0.16248562335968017,
        0.10800995081663131,
        0.08701669573783874,
        0.06997631639242172,
        0.03835899792611599,
        0.20155141353607178
    ],
    "TREC": [
        0.038033992797136304,
        0.03746858760714531,
        0.03608167991042137,
        0.033979906141757964,
        0.0336642324924469,
        0.043457597494125366,
        0.05487217232584953,
        0.06030840203166008,
        0.11900286376476288,
        0.17253682911396026,
        0.16266146898269654,
        0.20793225467205048
    ],
    "MRPC": [
        0.05994168072938919,
        0.06030025407671928,
        0.06283264607191086,
        0.07253400981426239,
        0.13145315945148467,
        0.1282092422246933,
        0.11951019316911697,
        0.10814586877822877,
        0.06745013147592545,
        0.06329044923186303,
        0.060349127650260924,
        0.0659832239151001
    ],
    "NLI": [
        0.00339887966401875,
        0.003205346455797553,
        0.00291376959066838,
        0.002586042694747448,
        0.0029694184893742205,
        0.010313179064542054,
        0.45664029717445376,
        0.4661602914333344,
        0.028509943187236785,
        0.012493957206606865,
        0.005089218216016889,
        0.005719675403088331
    ],
    "AVG_ALL": [
        0.04454406463191845,
        0.0443951266061049,
        0.04459326559153851,
        0.04848440249916166,
        0.0655454574181931,
        0.10096328972140327,
        0.1655902094207704,
        0.1529372396878898,
        0.07555493032559753,
        0.07995069040916859,
        0.06692349273362197,
        0.11051782168215142
    ],
    "AVG_SENTEVAL": [
        0.050421948198761266,
        0.05027938091329166,
        0.05054747930594854,
        0.05504131104264941,
        0.07448489155088152,
        0.11391330552952629,
        0.12401162545595852,
        0.1081910894385406,
        0.08227564277393477,
        0.08958736658096313,
        0.07575696052185125,
        0.1254889854363033
    ]
}