{
    "MR": [
        0.24195974469184875,
        0.16851650923490524,
        0.14355114549398423,
        0.062277649715542796,
        0.0012291885912418365,
        0.026672852504998446,
        0.015199971199035645,
        0.03213921760907397,
        0.06602603048086167,
        0.11303745806217194,
        0.1282918468117714,
        -0.06191965790931135,
        -0.038713254034519196,
        0.0288492314517498,
        0.08220438659191132,
        -0.02047384325414896,
        0.004002253664657474,
        0.008519522083224729,
        0.01672454047948122,
        0.04046971946954727,
        0.034474191442132,
        0.029409271478652955
    ],
    "CR": [
        0.10416623651981353,
        0.09848365932703018,
        0.09587079733610153,
        0.08138017356395721,
        0.05791163742542267,
        0.06128409132361412,
        0.05947115123271942,
        0.06812202334403991,
        0.08098667860031128,
        0.10196699351072311,
        0.10656689554452896,
        0.01101533998735249,
        0.013176084263250232,
        0.03686046414077282,
        0.04911400005221367,
        -0.0007198200444690883,
        0.011001193348784,
        0.018992513231933118,
        0.021539981290698052,
        0.03180422633886337,
        0.033230678737163545,
        0.03542183935642242
    ],
    "SUBJ": [
        0.16120895147323608,
        0.1416420593857765,
        0.11386393755674362,
        0.07700178325176239,
        0.06943297982215882,
        0.09541715979576111,
        0.09018582850694656,
        0.06748511418700218,
        0.06084509193897247,
        0.058039117604494095,
        0.06730607524514198,
        -0.06182122081518173,
        -0.03832626901566982,
        -0.005601486144587398,
        0.029362376779317856,
        -0.06975576095283031,
        -0.01089572673663497,
        0.01976427175104618,
        0.04905255511403084,
        0.07605708464980125,
        0.06999123394489289,
        0.07371511533856392
    ],
    "MPQA": [
        0.45000489950180056,
        0.28737973272800443,
        0.22457588613033294,
        0.1133553147315979,
        0.07556385993957519,
        0.04787612482905388,
        -0.01260150820016861,
        0.05591167286038399,
        0.1558508813381195,
        0.0826833114027977,
        0.05733280032873154,
        -0.020523230824619532,
        -0.006919772026594728,
        0.017766804713755847,
        0.012527794484049082,
        -0.005312282359227538,
        -0.0016136732185259462,
        -0.010763987712562085,
        -0.006005033786641434,
        0.02315765619277954,
        0.0013769421493634582,
        0.002334951004013419
    ],
    "SST2": [
        0.7562328457832337,
        0.12179456576704979,
        0.1321149453520775,
        0.009201452927663922,
        -0.08200994059443474,
        0.13804000169038771,
        -0.1334844008088112,
        -0.02168047772720456,
        0.22837646305561066,
        0.039439037442207336,
        0.056727959960699084,
        -0.114654541015625,
        -0.09583078026771545,
        0.11059599667787552,
        0.10245977938175202,
        -0.0025362685322761537,
        0.005286446289392188,
        -0.01185219120234251,
        -0.003057760786032304,
        0.03641055151820183,
        -0.024096713587641715,
        0.0065793997375294564
    ],
    "TREC": [
        0.21200747787952423,
        0.18200612366199492,
        0.17014674842357635,
        0.13975937962532042,
        0.10243638977408409,
        0.11061842143535613,
        0.1277119353413582,
        0.13669030070304872,
        0.14093557894229888,
        0.1419662594795227,
        0.14756234884262084,
        -0.028483925573527812,
        -0.016927634738385676,
        0.002658678055740893,
        0.023690111562609674,
        -0.07446218356490135,
        -0.029302943544462324,
        0.02351671252399683,
        0.04169539287686348,
        0.06636646538972854,
        0.07320667430758476,
        0.07036399766802788
    ],
    "MRPC": [
        0.01738679874688387,
        0.026154787465929984,
        0.03533460041508078,
        0.02074142936617136,
        -0.006793375225970522,
        -0.001966082933358848,
        0.006311821681447327,
        0.012651793844997882,
        0.021357227582484484,
        0.07354795187711716,
        0.09868722259998322,
        0.011178375594317913,
        0.019684624392539263,
        0.05712545216083527,
        0.07489487379789353,
        0.00011222753673791885,
        0.021319026499986647,
        0.024285301193594934,
        0.019607634469866752,
        0.025214625149965288,
        0.018402152135968207,
        0.02497526742517948
    ],
    "NLI": [
        0.010491571365855634,
        0.008859937265515327,
        0.0011129908030852675,
        -0.02908367607742548,
        0.07452787980437278,
        -0.012031559715978801,
        -0.083744877576828,
        -0.09589463770389557,
        -0.0014462828636169433,
        0.04466966725885868,
        0.2614118903875351,
        -0.25427085161209106,
        -0.20321730077266692,
        0.24512404203414917,
        0.22500009834766388,
        -0.05859725698828697,
        0.02849176712334156,
        0.028220365941524505,
        -0.014445965364575385,
        -0.004425679496489465,
        0.00755315013229847,
        0.012545255944132805
    ],
    "AVG_ALL": [
        0.24418231574527455,
        0.12935467185452582,
        0.11457138143887277,
        0.059329188388073814,
        0.036537327442056275,
        0.058238876116229216,
        0.008631240171962418,
        0.03192812588968082,
        0.09411645863438026,
        0.08191872457973659,
        0.1154858799651265,
        -0.06493496402108576,
        -0.04588428777497029,
        0.061672397886286486,
        0.07490667762467638,
        -0.028968148519925303,
        0.003536042928317329,
        0.012585313476301966,
        0.015638918036711403,
        0.0368818311515497,
        0.0267672886577202,
        0.031918137244065295
    ],
    "AVG_SENTEVAL": [
        0.2775667077994773,
        0.1465682053672416,
        0.13077972295827098,
        0.07195959759743085,
        0.031110105676011055,
        0.06827750980654465,
        0.02182782842178962,
        0.05018852068876316,
        0.10776827884837985,
        0.08724001848271914,
        0.09463930704763956,
        -0.03788698007951358,
        -0.023408143061013627,
        0.03546502015087753,
        0.053464760378535314,
        -0.02473541873873078,
        -2.906052811470415e-05,
        0.010351734552698746,
        0.019936758522609514,
        0.04278290410126958,
        0.029512165589923308,
        0.034685691715484225
    ]
}