{
    "MR": [
        0.23170230388641358,
        0.14531320184469224,
        0.10765154063701629,
        0.01731906640343368,
        -0.03822420611977577,
        0.01389600643888116,
        -0.022949909418821336,
        -0.012630396976601333,
        0.02649628035724163,
        0.07433342188596725,
        0.12387291640043259,
        -0.06414165049791336,
        -0.05113716907799244,
        0.045455853641033175,
        0.1372537672519684,
        -0.036358531937003134,
        0.0008280479116365314,
        -0.0060601746663451195,
        0.0011223344481550157,
        0.03462922722101212,
        0.024556235037744047,
        0.03103676438331604
    ],
    "CR": [
        0.09685809910297394,
        0.09426394328474999,
        0.06638602837920189,
        0.037843691557645796,
        0.020465428568422796,
        0.03824261911213398,
        0.03440656140446663,
        0.04173679873347282,
        0.06422616466879845,
        0.08614321351051331,
        0.10074075311422348,
        0.018654884304851294,
        0.014263772280537523,
        0.04572392292320728,
        0.06421766877174377,
        -0.009497781447134913,
        0.004038071783725172,
        0.011461622547358274,
        0.01632136255502701,
        0.030398551374673843,
        0.03369279727339745,
        0.04158211275935173
    ],
    "SUBJ": [
        0.14660526514053346,
        0.13404203504323958,
        0.1375558614730835,
        0.062275107204914096,
        0.05363222882151604,
        0.0919200524687767,
        0.05600468665361404,
        0.03565390817821026,
        0.046836557984352115,
        0.05333799421787262,
        0.0549862414598465,
        -0.043033008277416226,
        -0.03041281960904598,
        -0.002410983934532851,
        0.04157128073275089,
        -0.047098038345575334,
        -0.003002307517454028,
        0.0044846532866358755,
        0.03072635494172573,
        0.06450432166457176,
        0.05583395212888718,
        0.07384633868932725
    ],
    "MPQA": [
        0.21730005294084548,
        0.19011812508106232,
        0.13369130939245225,
        0.08389103710651398,
        0.061582356691360474,
        0.06787772178649902,
        0.02205353993922472,
        0.04217679160647094,
        0.08994514495134354,
        0.08083162754774094,
        0.07588634938001633,
        -0.006997022638097405,
        -0.00033813825575634837,
        0.019488815031945706,
        0.017076979205012322,
        -0.029184113815426828,
        -0.010469125583767891,
        -0.0004252986516803503,
        0.0014702900165502798,
        0.019995926506817342,
        0.013112679310142993,
        0.010867336578667165
    ],
    "SST2": [
        0.5250331401824951,
        0.16626140624284744,
        0.10651887804269791,
        0.008428469067439437,
        -0.05975461527705193,
        0.13174211978912354,
        -0.09598916321992874,
        -0.035704213194549084,
        0.1329031229019165,
        0.010912562906742095,
        0.08453150987625122,
        -0.07006969004869461,
        -0.08701902851462365,
        0.08973615989089012,
        0.08618403226137161,
        -0.008887265238445251,
        -0.005701522794697667,
        -0.0023977480246685444,
        -0.00462259387099948,
        0.023370296508073807,
        -0.012014271831139922,
        0.006627484480850399
    ],
    "TREC": [
        0.17454833686351776,
        0.14782412052154542,
        0.1317375734448433,
        0.10845137238502503,
        0.09677753746509551,
        0.10518889427185059,
        0.09736572057008744,
        0.11096991300582885,
        0.11205390691757203,
        0.1204870417714119,
        0.14463156163692475,
        0.012067630048841238,
        0.028775899857282638,
        0.057082134485244754,
        0.08444948196411133,
        -0.08033977523446083,
        -0.04295486435294151,
        -0.0038267409428954123,
        0.003504167078062892,
        0.037405671924352644,
        0.05200975313782692,
        0.0550836093723774
    ],
    "MRPC": [
        -0.01822455389192328,
        0.01209126291796565,
        0.01893884353339672,
        0.012760541308671236,
        0.003568516205996275,
        0.011022589821368455,
        0.0008007283449842362,
        -0.0026035329792648554,
        -0.0030702316609676926,
        0.021893009915947913,
        0.05287528485059738,
        0.007101673004217446,
        0.01118839206174016,
        0.04571938440203667,
        0.059719983488321304,
        0.011003275727853179,
        0.024513984471559523,
        0.021523014083504675,
        0.01631294284015894,
        0.01867959164083004,
        0.016227510198950766,
        0.02683483622968197
    ],
    "NLI": [
        0.00212367745116353,
        0.04278412126004696,
        -0.012718924228101969,
        -0.020556389167904855,
        0.0063466054387390615,
        0.026065097376704215,
        -0.05072870552539825,
        -0.05100568160414696,
        -0.05035875514149666,
        0.03084757998585701,
        0.18780655264854432,
        -0.16435492634773255,
        -0.16027125716209412,
        0.13983651995658875,
        0.18518457114696502,
        -0.0455622598528862,
        0.016174987703561784,
        0.015696239657700062,
        -0.01339629851281643,
        0.018122226744890214,
        0.003570967190898955,
        0.009245428908616304
    ],
    "AVG_ALL": [
        0.17199329020950244,
        0.1165872770245187,
        0.08622013883432372,
        0.03880161198321729,
        0.018049231474287806,
        0.0607443876331672,
        0.005120432343528592,
        0.01607419834617758,
        0.05237902387234498,
        0.05984830646775662,
        0.10316639617085456,
        -0.038846513806493024,
        -0.03436879355249403,
        0.0550789757995517,
        0.08445722060278057,
        -0.030740561267884912,
        -0.0020715910472972614,
        0.005056945911201182,
        0.0064298199369829945,
        0.030888226698152724,
        0.02337370280583855,
        0.03189048892527353
    ],
    "AVG_SENTEVAL": [
        0.196260377746408,
        0.1271305849908718,
        0.10035429070038453,
        0.0472813264333776,
        0.019721035193651915,
        0.06569857195551906,
        0.013098880610518141,
        0.025657038339081086,
        0.06705584944575092,
        0.06399126739374228,
        0.09107494524547032,
        -0.02091674058631595,
        -0.01638272732255116,
        0.042970755205689264,
        0.07006759909646852,
        -0.02862317575574187,
        -0.004678245154562839,
        0.0035370468045584857,
        0.009262122572668627,
        0.032711940977190226,
        0.026202665036544205,
        0.03512549749908171
    ]
}