{
    "MR": [
        0.11140232533216476,
        0.17537380158901214,
        0.07653161287307739,
        -0.021231528837233782,
        -0.0502859603613615,
        0.016969925723969936,
        0.00638385284692049,
        -0.03914328906685114,
        0.00032465101685374975,
        0.02061908468604088,
        0.03045298084616661,
        0.0985689863562584,
        0.04616354331374169,
        0.09386725425720215,
        0.10869017243385315,
        0.005694221239537001,
        0.01003288570791483,
        -0.0013901970582082868,
        -0.013243246264755726,
        0.015421891584992409,
        -0.006115004699677229,
        0.0414661280810833
    ],
    "CR": [
        0.04786987528204918,
        0.06889639869332313,
        0.03027407331392169,
        -0.0016961254179477692,
        -0.019937540777027606,
        0.004853631183505058,
        0.009745842195115983,
        0.019181846641004086,
        0.0332964364439249,
        0.040499714016914365,
        0.06427718847990035,
        0.10353593677282333,
        0.08091930747032165,
        0.08902425020933151,
        0.09905710965394973,
        0.021762309968471526,
        0.019969796761870384,
        0.00596312265843153,
        0.0005730845965445042,
        0.025711721554398537,
        0.03296983428299427,
        0.045298616588115695
    ],
    "SUBJ": [
        0.14312533736228944,
        0.20260142236948014,
        0.17918696403503417,
        0.06511455811560155,
        0.026810303889214994,
        0.03937493171542883,
        0.05534491054713726,
        0.023370229080319403,
        0.034309370815753935,
        0.04658237397670746,
        0.04119403287768364,
        0.08023841679096222,
        0.033018306270241736,
        0.03819430060684681,
        0.08161104172468185,
        0.06045380756258965,
        0.04514976590871811,
        0.021951070055365562,
        0.05082763582468033,
        0.051434241235256195,
        0.0204518323764205,
        0.09701776802539826
    ],
    "MPQA": [
        -0.029446990229189396,
        0.0654612984508276,
        0.07446233555674553,
        0.04888116084039211,
        0.043486512824893,
        0.06812398433685303,
        0.010281179659068584,
        0.019555998584837652,
        0.03771568015217781,
        0.02723141312599182,
        0.04299735762178898,
        0.04610224291682243,
        0.025367384776473045,
        0.05133839324116707,
        0.04186388850212097,
        -0.08589412197470665,
        -0.010822777450084687,
        0.01666283323429525,
        -0.017019634041935204,
        0.021483367867767812,
        0.03562430664896965,
        0.042438949644565585
    ],
    "SST2": [
        -0.293865492939949,
        0.5853312969207763,
        0.05274005215615034,
        -0.10680093020200729,
        -0.19093913733959197,
        0.18402542769908906,
        0.02627340964972973,
        -0.06714325323700905,
        0.02742697633802891,
        -0.06301115704700351,
        0.12725733816623688,
        0.09325782805681229,
        -0.10309047698974609,
        0.1321316823363304,
        0.036952332407236096,
        -0.04999521821737289,
        0.016794204153120516,
        0.032175205275416376,
        -0.032965237647295,
        0.0029588284436613322,
        -0.008648069482296706,
        0.032503954321146014
    ],
    "TREC": [
        -0.056106888316571714,
        0.10440394282341003,
        0.06405284143984318,
        0.021934931399300694,
        0.07546857073903084,
        0.08341379910707473,
        0.08333441764116287,
        0.08080072551965714,
        0.04977084547281265,
        0.04988466054201126,
        0.07486476004123688,
        0.13350618332624437,
        0.14074984788894654,
        0.14849103093147278,
        0.17110294103622437,
        -0.04779249727725983,
        -0.030368612334132194,
        -0.012126875016838312,
        -0.020605942606925963,
        0.012473340518772602,
        0.04377357587218285,
        0.05796177610754967
    ],
    "MRPC": [
        -0.026515406277030706,
        -0.017764630168676375,
        -0.006261301320046186,
        -0.008192088548094034,
        -0.0020410629687830804,
        0.022997223027050494,
        0.012816432118415832,
        0.007513941172510386,
        -0.006468414049595595,
        -0.010395556176081299,
        0.03203801549971104,
        0.030133699625730516,
        0.0278566662222147,
        0.03400530219078064,
        0.061108071729540824,
        0.030812488868832588,
        0.023594178073108197,
        0.021368733793497085,
        0.015505965240299702,
        0.019496523402631284,
        0.005760801062569954,
        0.026901250705122948
    ],
    "NLI": [
        0.06112111583352089,
        0.08637981563806534,
        -0.009528931172098964,
        -0.044575461000204084,
        -0.04129305742681026,
        0.008639343082904816,
        -0.024707874469459056,
        -0.052211476117372514,
        -0.06474452763795853,
        -0.026319610141217708,
        0.053497061133384705,
        -0.06194137819111347,
        -0.02807347768684849,
        -0.02959517389535904,
        0.18359004855155944,
        0.06533190906047821,
        0.009407967107836156,
        -0.028299471363425255,
        0.01747680176049471,
        0.018742570467293263,
        -0.002895769663155079,
        0.02189432634040713
    ],
    "AVG_ALL": [
        -0.005302015494089571,
        0.15883541828952727,
        0.05768220586032839,
        -0.005820685456274076,
        -0.019841421427554448,
        0.05354978323448449,
        0.022434021273511462,
        -0.0010094096778630046,
        0.013953877318999731,
        0.010636365372920405,
        0.05832234183326363,
        0.06542523945681752,
        0.0278638876581681,
        0.06968212998472155,
        0.09799695075489581,
        4.661240382120013e-05,
        0.010469675991043913,
        0.007038052697316744,
        6.867835763841885e-05,
        0.02096531063434668,
        0.015115188299751026,
        0.04568534622667357
    ],
    "AVG_SENTEVAL": [
        -0.014791034255176779,
        0.16918621866830755,
        0.06728379686496087,
        -0.0002842889499983601,
        -0.01677690199908933,
        0.05996556039899587,
        0.029168577808221536,
        0.006305171242066926,
        0.025196506598565198,
        0.01591579044636871,
        0.05901166764753205,
        0.08362047054937909,
        0.03585493985031333,
        0.0838646019675902,
        0.08576936535537243,
        -0.009279858547129802,
        0.01062134868864502,
        0.012086270420279887,
        -0.002418196414198194,
        0.02128284494392574,
        0.017688182294451897,
        0.04908406335328307
    ]
}