{
    "MR": [
        0.0279301218688488,
        0.02788126580417156,
        0.02792143002152443,
        0.028222553431987762,
        0.03300050720572471,
        0.13300020694732667,
        0.16650369465351106,
        0.13375697731971742,
        0.027861985936760904,
        0.02796192653477192,
        0.027781984210014342,
        0.33817734122276305
    ],
    "CR": [
        0.043782176822423934,
        0.04371743053197861,
        0.04367410838603973,
        0.04330029711127281,
        0.043387389928102496,
        0.13258171379566192,
        0.1849724292755127,
        0.15527609288692473,
        0.04385598674416542,
        0.04396623447537422,
        0.043916774541139604,
        0.17756938934326172
    ],
    "SUBJ": [
        0.032055689021945,
        0.03209992572665214,
        0.032171473279595374,
        0.03211901113390923,
        0.1067414179444313,
        0.2023938328027725,
        0.1854151964187622,
        0.037476806342601775,
        0.03203169405460358,
        0.032137197256088254,
        0.032076742872595786,
        0.2432810217142105
    ],
    "MPQA": [
        0.047050537168979646,
        0.045191352069377896,
        0.047606061398983004,
        0.04664354100823402,
        0.043685638904571535,
        0.04192114248871803,
        0.0422953762114048,
        0.042220883816480634,
        0.04137512594461441,
        0.04232172966003418,
        0.04158056229352951,
        0.5181080579757691
    ],
    "SST2": [
        0.037294207885861394,
        0.03677397519350052,
        0.038071644678711894,
        0.04038113653659821,
        0.051607484370470046,
        0.050535032898187636,
        0.08232574909925461,
        0.03872055932879448,
        0.03668333776295185,
        0.03677688129246235,
        0.036477037146687506,
        0.5143529355525971
    ],
    "TREC": [
        0.03378443084657192,
        0.032626238837838176,
        0.03310379236936569,
        0.03309701457619667,
        0.031213616579771043,
        0.031941965222358704,
        0.03196235969662666,
        0.031789496168494226,
        0.03199309185147285,
        0.0323666587471962,
        0.03172789625823498,
        0.6443934202194214
    ],
    "MRPC": [
        0.06569551676511765,
        0.06656182855367661,
        0.06622077226638794,
        0.067015740275383,
        0.08991364538669586,
        0.12868304997682573,
        0.12911425530910492,
        0.10352776497602463,
        0.06880463510751725,
        0.06906432211399079,
        0.06915023624897003,
        0.0762482613325119
    ],
    "NLI": [
        0.0033674077596515415,
        0.0033252249471843244,
        0.0032792942598462104,
        0.0033810281194746493,
        0.008065066114068032,
        0.05360832586884499,
        0.49031094908714296,
        0.02317533642053604,
        0.003201755043119192,
        0.0032804944086819885,
        0.003306314814835787,
        0.40169880986213685
    ],
    "AVG_ALL": [
        0.03637001101742499,
        0.036022155208047475,
        0.03650607208255678,
        0.03677004027413204,
        0.05095184580422938,
        0.09683315875008704,
        0.16411250121891496,
        0.07074298965744674,
        0.03572595155565069,
        0.03598443056107499,
        0.035752193548250946,
        0.36422865465283394
    ],
    "AVG_SENTEVAL": [
        0.04108466862567834,
        0.04069314524531364,
        0.041252754628658295,
        0.04153989915336881,
        0.05707852861710957,
        0.10300813487597875,
        0.11751272295202526,
        0.07753836869129113,
        0.04037226534315519,
        0.04065642143998827,
        0.04038731908159597,
        0.3588757753372192
    ]
}