{
    "MR": [
        0.04325831905007362,
        0.04252280592918396,
        0.041787149757146834,
        0.04199073240160942,
        0.042402942478656766,
        0.05390609502792358,
        0.11316153705120087,
        0.15256622284650803,
        0.12339009046554565,
        0.13751031160354615,
        0.11772528290748596,
        0.08977852314710617
    ],
    "CR": [
        0.05248279124498367,
        0.05200407728552818,
        0.05144302546977997,
        0.05122183188796044,
        0.05167686715722084,
        0.121416936814785,
        0.132489350438118,
        0.12791422605514527,
        0.11801937073469163,
        0.10771069824695587,
        0.08245958238840104,
        0.05116126835346222
    ],
    "SUBJ": [
        0.03860017880797386,
        0.03755845241248608,
        0.037407372146844864,
        0.035116367414593695,
        0.07961378693580627,
        0.13767867684364318,
        0.14320196807384492,
        0.12386906892061234,
        0.11196090430021285,
        0.11462214440107346,
        0.09818710237741471,
        0.04218399971723556
    ],
    "MPQA": [
        0.044470741599798205,
        0.047036032378673556,
        0.04533970654010773,
        0.06881391778588294,
        0.09346184879541397,
        0.15974767804145812,
        0.15073586404323577,
        0.10928395688533783,
        0.10069352388381958,
        0.083694426715374,
        0.054536326229572295,
        0.04218596667051315
    ],
    "SST2": [
        0.03399515822529793,
        0.03170178458094597,
        0.030088653415441514,
        0.04291000962257385,
        0.05334528312087059,
        0.1547213912010193,
        0.1410367101430893,
        0.10140701532363891,
        0.11603376269340515,
        0.14164532721042633,
        0.09245877861976623,
        0.060656124353408815
    ],
    "TREC": [
        0.041446974873542784,
        0.04073409289121628,
        0.039323422312736514,
        0.03711353987455368,
        0.03658962324261665,
        0.06880343481898307,
        0.09358211308717727,
        0.10411695986986161,
        0.1481904149055481,
        0.1761573076248169,
        0.1708126962184906,
        0.04312941879034042
    ],
    "MRPC": [
        0.053672759979963305,
        0.053239593654870986,
        0.05536041259765625,
        0.08277431726455689,
        0.12684953361749648,
        0.13597857356071472,
        0.13638157099485398,
        0.11228562444448471,
        0.0775277316570282,
        0.05939922630786896,
        0.050702552497386935,
        0.05582811087369919
    ],
    "NLI": [
        0.0010344597278162837,
        0.0010339024243876337,
        0.0008933161851018667,
        0.0006913775054272264,
        0.0007613403606228531,
        0.0015697107184678317,
        0.34610313177108765,
        0.6113796472549439,
        0.02636936865746975,
        0.006884452793747187,
        0.0016504843719303609,
        0.0016288235317915678
    ],
    "AVG_ALL": [
        0.0386201729386812,
        0.03822884269466157,
        0.03770538230310194,
        0.045079011719644776,
        0.06058765321358806,
        0.10422781212837436,
        0.15708653070032597,
        0.1803528402000666,
        0.1027731459122151,
        0.1034529868629761,
        0.08356660070130602,
        0.04831902942969465
    ],
    "AVG_SENTEVAL": [
        0.043989560540233334,
        0.043542405590414994,
        0.04296424889138767,
        0.051420102321675855,
        0.06913426933544023,
        0.11889325518693243,
        0.1300841591187886,
        0.11877758204936982,
        0.11368797123432159,
        0.11724849173000881,
        0.09526890303407397,
        0.054989058843680806
    ]
}